trade_date,close,open,北向资金
2014-11-17,2567.101,2613.513,13000.0
2014-11-18,2541.416,2565.273,4845.0
2014-11-19,2537.223,2538.233,2612.0
2014-11-20,2537.099,2528.78,2276.0
2014-11-21,2583.455,2537.538,2341.0
2014-11-24,2649.258,2614.16,6956.0
2014-11-25,2685.561,2650.085,2853.0
2014-11-26,2723.018,2695.263,3295.0
2014-11-27,2754.49,2737.03,2990.0
2014-11-28,2808.819,2753.925,2345.0
2014-12-01,2819.812,2825.611,1398.0
2014-12-02,2923.94,2807.338,3311.0
2014-12-03,2967.549,2936.124,3861.0
2014-12-04,3104.351,2975.403,3521.0
2014-12-05,3124.885,3143.968,2567.0
2014-12-08,3252.881,3108.272,1677.0
2014-12-09,3106.913,3233.097,1159.0
2014-12-10,3221.546,3120.212,1941.0
2014-12-11,3183.012,3185.161,1074.0
2014-12-12,3193.227,3182.923,1862.0
2014-12-15,3217.228,3176.829,1068.0
2014-12-16,3303.402,3221.358,1318.0
2014-12-17,3360.598,3325.82,648.0
2014-12-18,3345.927,3359.09,1908.0
2014-12-19,3383.167,3345.629,1071.0
2014-12-22,3394.481,3396.251,1428.0
2014-12-23,3324.924,3358.798,653.0
2014-12-24,3230.385,3332.146,0.0
2014-12-29,3455.455,3502.183,750.0
2014-12-30,3457.554,3450.814,-630.0
2014-12-31,3533.705,3462.389,2312.0
2015-01-05,3641.541,3566.089,4689.0
2015-01-06,3641.059,3608.428,2091.0
2015-01-07,3643.79,3620.924,1753.0
2015-01-08,3559.259,3650.073,1078.0
2015-01-09,3546.723,3547.574,1617.0
2015-01-12,3513.576,3531.515,-1133.0
2015-01-13,3514.04,3506.451,-116.0
2015-01-14,3502.423,3522.907,721.0
2015-01-15,3604.121,3501.719,1008.0
2015-01-16,3635.146,3616.248,422.0
2015-01-19,3355.155,3414.013,-327.0
2015-01-20,3396.222,3336.793,2424.0
2015-01-21,3548.885,3420.491,2135.0
2015-01-22,3567.613,3551.052,250.0
2015-01-23,3571.732,3582.088,424.0
2015-01-26,3607.985,3580.118,587.0
2015-01-27,3574.931,3614.038,1137.0
2015-01-28,3525.323,3547.239,1832.0
2015-01-29,3481.798,3474.915,2886.0
2015-01-30,3434.39,3496.885,1816.0
2015-02-02,3353.96,3360.193,2336.12
2015-02-03,3437.445,3388.602,4958.0
2015-02-04,3401.768,3446.144,2167.0
2015-02-05,3366.946,3487.951,3806.0
2015-02-06,3312.42,3352.33,1540.0
2015-02-09,3345.921,3305.734,1999.0
2015-02-10,3406.943,3345.077,1824.0
2015-02-11,3434.124,3415.977,1767.0
2015-02-12,3442.874,3435.361,1410.0
2015-02-13,3469.828,3458.827,2157.0
2015-02-16,3499.483,3473.289,328.0
2015-02-17,3522.322,3511.544,403.0
2015-02-25,3478.729,3529.55,1173.0
2015-02-26,3566.295,3473.713,-274.0
2015-02-27,3572.843,3565.233,812.0
2015-03-02,3601.265,3603.452,1127.0
2015-03-03,3507.9,3579.315,641.0
2015-03-04,3530.822,3514.667,622.0
2015-03-05,3496.344,3513.249,819.0
2015-03-06,3478.52,3501.184,465.0
2015-03-09,3537.75,3449.696,665.0
2015-03-10,3520.611,3523.64,103.0
2015-03-11,3524.653,3524.575,960.0
2015-03-12,3592.844,3557.686,1719.0
2015-03-13,3617.657,3604.671,1664.0
2015-03-16,3705.671,3641.773,1520.0
2015-03-17,3757.122,3733.961,2324.0
2015-03-18,3846.055,3769.086,1740.0
2015-03-19,3839.739,3851.249,208.0
2015-03-20,3892.574,3852.492,1549.0
2015-03-23,3972.061,3923.083,2142.0
2015-03-24,3973.046,3980.066,-1552.0
2015-03-25,3940.412,3961.578,94.0
2015-03-26,3949.999,3921.745,-917.0
2015-03-27,3971.697,3957.542,211.0
2015-03-30,4088.178,3999.024,-1085.0
2015-03-31,4051.204,4138.885,-1273.0
2015-04-01,4123.895,4057.501,359.0
2015-04-02,4124.776,4149.946,0.0
2015-04-08,4295.803,4277.45,-3505.0
2015-04-09,4262.138,4316.958,-4979.0
2015-04-10,4344.416,4249.383,-614.0
2015-04-13,4421.073,4394.047,1206.0
2015-04-14,4438.184,4432.126,616.0
2015-04-15,4380.513,4439.314,1148.0
2015-04-16,4513.546,4355.491,1945.0
2015-04-17,4596.136,4578.679,1803.0
2015-04-20,4521.919,4615.034,-1023.0
2015-04-21,4619.164,4520.461,1722.0
2015-04-22,4739.814,4637.055,835.0
2015-04-23,4740.892,4764.481,-376.0
2015-04-24,4702.641,4682.626,736.0
2015-04-27,4807.592,4753.871,1255.0
2015-04-28,4741.861,4811.319,-168.0
2015-04-29,4774.326,4722.903,764.0
2015-04-30,4749.886,4788.412,-335.0
2015-05-04,4787.741,4757.637,534.0
2015-05-05,4596.837,4785.192,833.0
2015-05-06,4553.327,4626.231,712.0
2015-05-07,4470.089,4520.818,2647.0
2015-05-08,4558.404,4515.554,1167.0
2015-05-11,4690.532,4582.091,37.0
2015-05-12,4747.421,4692.122,-274.0
2015-05-13,4718.436,4746.713,-331.0
2015-05-14,4700.778,4717.955,-109.0
2015-05-15,4617.47,4690.755,597.0
2015-05-18,4575.14,4582.058,1247.0
2015-05-19,4731.222,4577.637,2215.0
2015-05-20,4754.919,4751.572,2936.0
2015-05-21,4840.976,4768.689,2012.0
2015-05-22,4951.335,4895.925,0.0
2015-05-26,5198.918,5140.798,3588.0
2015-05-27,5181.434,5216.17,343.0
2015-05-28,4834.007,5174.101,-3125.0
2015-05-29,4840.829,4839.53,2295.0
2015-06-01,5076.179,4862.756,1934.0
2015-06-02,5161.87,5091.272,481.0
2015-06-03,5143.59,5176.597,218.0
2015-06-04,5181.416,5156.012,-260.0
2015-06-05,5230.552,5254.905,-609.0
2015-06-08,5353.751,5259.408,-540.0
2015-06-09,5317.461,5379.47,-1262.0
2015-06-10,5309.112,5254.3042,1739.0
2015-06-11,5306.59,5305.1407,-866.0
2015-06-12,5335.1151,5329.2781,1548.0
2015-06-15,5221.1665,5354.0138,-1147.0
2015-06-16,5064.8212,5165.0245,65.0
2015-06-17,5138.8307,5072.3064,-861.0
2015-06-18,4930.5491,5107.6946,657.0
2015-06-19,4637.0517,4847.0568,7804.0
2015-06-23,4786.0906,4641.4248,7066.0
2015-06-24,4880.1261,4811.5949,-3039.0
2015-06-25,4706.5159,4906.2416,-3556.0
2015-06-26,4336.1947,4573.8723,3244.0
2015-06-29,4191.5486,4446.8419,-1333.0
2015-06-30,4472.9976,4161.0672,0.0
2015-07-02,4107.9961,4287.7344,2809.0
2015-07-03,3885.9169,4017.2019,7146.0
2015-07-06,3998.537,4218.266,-13385.0
2015-07-07,3928.0025,3877.8539,-10256.0
2015-07-08,3663.0375,3651.0604,-6587.0
2015-07-09,3897.6263,3621.6804,-3475.0
2015-07-10,4106.5561,3916.2717,-2366.0
2015-07-13,4211.8116,4132.2308,-1588.0
2015-07-14,4112.1488,4178.6295,-1047.0
2015-07-15,3966.7585,4068.8803,-275.0
2015-07-16,3997.3555,3949.639,-459.0
2015-07-17,4151.4956,4023.7567,298.0
2015-07-20,4160.612,4157.0598,-274.0
2015-07-21,4166.0057,4109.7606,-433.0
2015-07-22,4157.1604,4148.5601,-434.0
2015-07-23,4250.805,4158.932,494.0
2015-07-24,4176.2787,4255.1977,9.0
2015-07-27,3818.7314,4097.7963,-148.0
2015-07-28,3811.0926,3690.9741,2665.0
2015-07-29,3930.3791,3839.9585,-487.0
2015-07-30,3815.4118,3915.7795,-61.0
2015-07-31,3816.6993,3777.1546,527.0
2015-08-03,3829.2354,3766.0719,-2137.0
2015-08-04,3948.1554,3827.3726,-274.0
2015-08-05,3866.8998,3937.6232,74.0
2015-08-06,3831.8516,3802.928,348.0
2015-08-07,3906.9448,3866.4298,874.0
2015-08-10,4084.3646,3947.4724,342.0
2015-08-11,4066.6692,4083.5887,781.0
2015-08-12,4016.1262,4025.6735,-71.0
2015-08-13,4075.463,4010.0129,300.0
2015-08-14,4073.54,4097.9177,67.0
2015-08-17,4077.8721,4058.1129,-436.0
2015-08-18,3825.4122,4084.3108,-442.0
2015-08-19,3886.1357,3748.2663,202.0
2015-08-20,3761.4541,3848.4034,-661.0
2015-08-21,3589.5358,3714.2891,-774.0
2015-08-24,3275.5342,3454.5977,8262.0
2015-08-25,3042.9266,3070.0069,8071.0
2015-08-26,3025.692,3062.566,7500.0
2015-08-27,3205.6375,3092.8123,4899.0
2015-08-28,3342.2863,3246.236,-2410.0
2015-08-31,3366.5359,3307.3962,-545.0
2015-09-01,3362.0827,3296.5289,-1191.0
2015-09-02,3365.8318,3220.8505,-2997.0
2015-09-07,3250.485,3347.2934,-86.0
2015-09-08,3334.0233,3221.789,4515.0
2015-09-09,3399.3054,3344.8238,-2767.0
2015-09-10,3357.561,3349.2806,3171.0
2015-09-11,3347.1878,3349.8772,66.0
2015-09-14,3281.1317,3367.642,-654.0
2015-09-15,3152.2319,3208.744,1117.0
2015-09-16,3309.2484,3149.1577,1904.0
2015-09-17,3236.9986,3287.6567,405.0
2015-09-18,3251.2732,3254.4432,2685.0
2015-09-21,3308.2467,3222.6029,657.0
2015-09-22,3339.03,3312.3655,93.0
2015-09-23,3263.0275,3290.0712,-1143.0
2015-09-24,3284.9991,3278.8962,-894.0
2015-09-25,3231.9514,3272.665,0.0
2015-09-29,3178.8544,3197.2209,-1399.0
2015-09-30,3202.9475,3195.901,480.0
2015-10-08,3296.482,3324.981,4141.0
2015-10-09,3340.1159,3302.3596,1869.0
2015-10-12,3447.6934,3351.1391,27.0
2015-10-13,3445.0431,3422.4772,-313.0
2015-10-14,3406.1116,3431.1352,-851.0
2015-10-15,3486.815,3403.3891,448.0
2015-10-16,3534.0653,3508.5177,-533.0
2015-10-19,3534.1821,3548.9525,-13.0
2015-10-20,3577.7027,3527.875,0.0
2015-10-22,3524.5339,3453.2013,-1268.0
2015-10-23,3571.2411,3536.8425,-874.0
2015-10-26,3589.2611,3614.7023,-959.0
2015-10-27,3592.8794,3569.4486,-84.0
2015-10-28,3524.9199,3575.8048,-967.0
2015-10-29,3533.3065,3539.9777,-1488.0
2015-10-30,3534.0788,3530.2233,-1119.0
2015-11-02,3475.9623,3489.2252,-967.0
2015-11-03,3465.4927,3484.7218,-851.0
2015-11-04,3628.5377,3477.1592,-2191.0
2015-11-05,3705.9697,3630.7817,-3878.0
2015-11-06,3793.3739,3698.342,-1354.0
2015-11-09,3840.3547,3796.3792,-1278.0
2015-11-10,3833.2379,3806.6685,-2556.0
2015-11-11,3833.6457,3828.4476,-2636.0
2015-11-12,3795.3241,3841.7376,-1534.0
2015-11-13,3746.2422,3756.2044,-10.0
2015-11-16,3764.1262,3682.7349,-9.0
2015-11-17,3758.3869,3790.4261,-312.0
2015-11-18,3715.5796,3760.4555,60.0
2015-11-19,3774.969,3725.622,-3.0
2015-11-20,3774.3833,3778.8843,110.0
2015-11-23,3753.3351,3774.4356,23.0
2015-11-24,3753.8887,3745.7607,424.0
2015-11-25,3781.6069,3747.7594,153.0
2015-11-26,3759.4286,3795.2454,670.0
2015-11-27,3556.9924,3739.0958,265.0
2015-11-30,3566.4122,3554.89,3467.0
2015-12-01,3591.696,3562.3186,755.0
2015-12-02,3721.9545,3587.7576,-331.0
2015-12-03,3749.2985,3709.5469,-839.0
2015-12-04,3677.5922,3719.7338,-349.0
2015-12-07,3687.6073,3681.5817,125.0
2015-12-08,3623.0202,3668.8385,-391.0
2015-12-09,3635.9382,3613.4203,463.0
2015-12-10,3623.0842,3634.366,-281.0
2015-12-11,3608.0587,3605.3723,-141.0
2015-12-14,3711.322,3573.8838,-300.0
2015-12-15,3694.3885,3707.7304,411.0
2015-12-16,3685.4398,3703.9503,-474.0
2015-12-17,3755.8881,3712.7833,1297.0
2015-12-18,3767.9128,3754.9603,-54.0
2015-12-21,3865.965,3762.097,-116.0
2015-12-22,3876.7325,3872.0975,-500.0
2015-12-23,3866.3814,3877.8722,-217.0
2015-12-24,3829.4022,3858.1348,0.0
2015-12-28,3727.6316,3847.5323,35.0
2015-12-29,3761.8745,3723.0498,906.0
2015-12-30,3765.1752,3762.9141,664.0
2015-12-31,3731.0047,3760.9039,-454.0
2016-01-04,3469.0662,3725.8561,63.0
2016-01-05,3478.7797,3382.1769,1621.0
2016-01-06,3539.8082,3482.4064,-497.0
2016-01-07,3294.3839,3481.1499,27.0
2016-01-08,3361.5632,3371.871,295.0
2016-01-11,3192.4499,3303.1246,-456.0
2016-01-12,3215.7099,3214.8234,-636.0
2016-01-13,3155.8787,3240.4838,200.0
2016-01-14,3221.5714,3076.6445,-23.0
2016-01-15,3118.7301,3200.888,-105.0
2016-01-18,3130.7289,3068.2348,383.0
2016-01-19,3223.1251,3132.7047,600.0
2016-01-20,3174.3781,3204.2183,-593.0
2016-01-21,3081.3454,3136.3841,-162.0
2016-01-22,3113.4626,3114.895,619.0
2016-01-25,3128.886,3129.0279,250.0
2016-01-26,2940.5085,3099.5957,-235.0
2016-01-27,2930.3519,2953.1826,4485.0
2016-01-28,2853.7562,2909.3341,-342.0
2016-01-29,2946.0902,2855.5983,1694.0
2016-02-01,2901.0477,2939.0401,-192.0
2016-02-02,2961.3337,2901.5284,96.0
2016-02-03,2948.6386,2931.2883,-2058.0
2016-02-04,2984.7598,2960.3335,519.0
2016-02-05,2963.7894,2982.0563,241.0
2016-02-15,2946.7066,2888.4277,124.0
2016-02-16,3037.0353,2962.1871,532.0
2016-02-17,3063.3199,3034.0902,-44.0
2016-02-18,3053.6985,3079.5272,529.0
2016-02-19,3051.585,3047.9417,309.0
2016-02-22,3118.8675,3083.9325,220.0
2016-02-23,3089.3632,3117.2027,550.0
2016-02-24,3109.5454,3077.6062,125.0
2016-02-25,2918.7501,3104.4097,297.0
2016-02-26,2948.0306,2942.0954,1640.0
2016-02-29,2877.4666,2939.5802,2013.0
2016-03-01,2930.6937,2881.3353,757.0
2016-03-02,3051.3327,2933.9209,2992.0
2016-03-03,3058.4219,3050.3886,-308.0
2016-03-04,3093.8895,3047.5371,1800.0
2016-03-07,3104.8397,3108.9994,1153.0
2016-03-08,3107.6727,3100.1492,202.0
2016-03-09,3071.907,3045.9238,308.0
2016-03-10,3013.1457,3056.2104,472.0
2016-03-11,3018.2844,2990.2135,1217.0
2016-03-14,3065.6904,3039.5689,705.0
2016-03-15,3074.7796,3061.3427,107.0
2016-03-16,3090.0328,3068.8664,101.0
2016-03-17,3124.2039,3096.8076,2005.0
2016-03-18,3171.963,3136.223,1332.0
2016-03-21,3249.4372,3203.2929,85.0
2016-03-22,3225.7903,3231.6146,763.0
2016-03-23,3236.0924,3217.7288,230.0
2016-03-24,3181.8507,3211.496,0.0
2016-03-29,3135.4098,3171.3138,145.0
2016-03-30,3216.2753,3161.2886,1567.0
2016-03-31,3218.0879,3229.1995,2495.0
2016-04-01,3221.8948,3213.674,23.0
2016-04-05,3264.4858,3211.3046,344.0
2016-04-06,3257.5276,3250.5215,-117.0
2016-04-07,3209.2902,3266.2883,77.0
2016-04-08,3185.7258,3189.8456,71.0
2016-04-11,3230.0957,3213.507,1340.0
2016-04-12,3218.4497,3227.3673,1207.0
2016-04-13,3261.3831,3237.8575,3561.0
2016-04-14,3275.8321,3277.0982,1907.0
2016-04-15,3272.2053,3279.8566,295.0
2016-04-18,3228.4531,3252.6706,-636.0
2016-04-19,3238.3029,3243.9712,543.0
2016-04-20,3181.0264,3244.1419,-1047.0
2016-04-21,3160.6033,3160.7958,695.0
2016-04-22,3174.9012,3142.5611,284.0
2016-04-25,3162.0331,3164.7384,303.0
2016-04-26,3179.1605,3159.7706,631.0
2016-04-27,3165.9156,3181.9305,-24.0
2016-04-28,3160.5809,3169.3333,152.0
2016-04-29,3156.7451,3153.5371,481.0
2016-05-03,3213.5397,3159.823,1083.0
2016-05-04,3209.4614,3203.4653,148.0
2016-05-05,3213.9199,3204.1686,-185.0
2016-05-06,3130.3544,3213.1358,-934.0
2016-05-09,3065.6154,3115.4301,-112.0
2016-05-10,3069.1124,3055.2119,4.0
2016-05-11,3082.8086,3080.6361,-200.0
2016-05-12,3090.1372,3059.3831,33.0
2016-05-13,3074.9351,3081.6797,-360.0
2016-05-16,3095.3085,3064.5261,457.0
2016-05-17,3086.0249,3095.5229,310.0
2016-05-18,3068.0358,3071.5292,50.0
2016-05-19,3062.5002,3060.3426,120.0
2016-05-20,3078.2183,3047.7778,612.0
2016-05-23,3087.2225,3078.515,706.0
2016-05-24,3063.5556,3083.2441,271.0
2016-05-25,3059.2259,3079.7486,1566.0
2016-05-26,3064.2111,3056.6004,875.0
2016-05-27,3062.4993,3059.732,1149.0
2016-05-30,3066.7095,3056.3138,2985.0
2016-05-31,3169.5598,3068.5964,3771.0
2016-06-01,3160.547,3172.9619,2422.0
2016-06-02,3167.0997,3158.0259,1205.0
2016-06-03,3189.3255,3172.946,1935.0
2016-06-06,3178.7883,3192.7793,724.0
2016-06-07,3177.0536,3182.4374,1665.0
2016-06-08,3163.9864,3171.8134,243.0
2016-06-13,3066.3413,3134.0453,-880.0
2016-06-14,3075.9834,3058.4433,-8.0
2016-06-15,3116.3682,3043.9577,-473.0
2016-06-16,3094.6748,3104.3619,-580.0
2016-06-17,3110.3572,3096.0901,1161.0
2016-06-20,3112.6744,3114.9064,296.0
2016-06-21,3106.3175,3124.8984,185.0
2016-06-22,3133.9611,3100.4496,1012.0
2016-06-23,3117.3168,3129.7207,223.0
2016-06-24,3077.1554,3110.6465,-1822.0
2016-06-27,3120.5443,3065.128,136.0
2016-06-28,3136.4013,3107.3979,266.0
2016-06-29,3151.3898,3142.4842,1096.0
2016-06-30,3153.921,3152.8331,0.0
2016-07-04,3204.6962,3136.3852,1232.0
2016-07-05,3207.3827,3199.1572,-118.0
2016-07-06,3216.8035,3197.6249,-603.0
2016-07-07,3209.9542,3206.5507,-176.0
2016-07-08,3192.2804,3199.7542,-175.0
2016-07-11,3203.3298,3199.0383,1593.0
2016-07-12,3273.1823,3201.9062,1814.0
2016-07-13,3282.8681,3274.0202,557.0
2016-07-14,3276.7637,3277.4816,743.0
2016-07-15,3276.2775,3278.8357,453.0
2016-07-18,3262.0222,3269.7077,750.0
2016-07-19,3248.2341,3260.4349,589.0
2016-07-20,3237.6051,3246.8626,377.0
2016-07-21,3252.5227,3238.3367,757.0
2016-07-22,3225.1621,3251.242,326.0
2016-07-25,3230.885,3220.1658,497.0
2016-07-26,3269.5882,3228.234,556.0
2016-07-27,3218.243,3270.0837,1075.0
2016-07-28,3221.1365,3204.4645,-255.0
2016-07-29,3203.9304,3217.1923,356.0
2016-08-01,3176.8091,3196.425,1415.0
2016-08-03,3193.5073,3179.6842,170.0
2016-08-04,3201.2888,3190.546,-133.0
2016-08-05,3205.1101,3201.3543,771.0
2016-08-08,3234.1833,3199.5723,983.0
2016-08-09,3256.9813,3232.603,1602.0
2016-08-10,3243.3409,3255.1822,1316.0
2016-08-11,3233.3604,3239.5583,1047.0
2016-08-12,3294.2337,3231.8065,616.0
2016-08-15,3393.4239,3303.4688,855.0
2016-08-16,3378.2451,3403.3839,5019.0
2016-08-17,3373.0476,3377.7713,1736.0
2016-08-18,3364.4851,3369.9472,1481.0
2016-08-19,3365.0197,3358.555,614.0
2016-08-22,3336.7949,3364.681,174.0
2016-08-23,3341.8298,3332.621,465.0
2016-08-24,3329.8631,3341.9304,442.0
2016-08-25,3308.9721,3314.0846,525.0
2016-08-26,3307.0902,3312.4991,457.0
2016-08-29,3307.7812,3306.5749,150.0
2016-08-30,3311.9872,3310.3188,1154.0
2016-08-31,3327.7938,3310.5654,531.0
2016-09-01,3301.5767,3326.7389,393.0
2016-09-02,3314.1142,3298.7217,48.0
2016-09-05,3319.6803,3321.0053,1688.0
2016-09-06,3342.6259,3322.018,1205.0
2016-09-07,3340.8172,3344.0657,835.0
2016-09-08,3339.564,3338.0082,1264.0
2016-09-09,3318.044,3339.3733,-70.0
2016-09-12,3262.6043,3271.8702,-2222.0
2016-09-13,3260.333,3265.3373,-108.0
2016-09-14,3238.7299,3245.7371,-963.0
2016-09-19,3263.1242,3242.7429,-713.0
2016-09-20,3257.4034,3264.6649,-659.0
2016-09-21,3266.6363,3257.7097,-85.0
2016-09-22,3291.1211,3281.4718,1198.0
2016-09-23,3275.6665,3292.2788,603.0
2016-09-26,3220.2838,3267.6905,-331.0
2016-09-27,3240.7546,3214.8704,-222.0
2016-09-28,3230.8904,3243.647,-106.0
2016-09-29,3244.3874,3234.857,587.0
2016-10-11,3306.5573,3296.8672,1045.0
2016-10-12,3300.0099,3299.1388,-527.0
2016-10-13,3302.6455,3299.1557,-465.0
2016-10-14,3305.8481,3298.734,1026.0
2016-10-17,3277.8787,3305.9635,-144.0
2016-10-18,3321.3324,3272.6815,758.0
2016-10-19,3316.2407,3323.3038,417.0
2016-10-20,3318.6044,3317.1792,514.0
2016-10-24,3367.5778,3332.5125,865.0
2016-10-25,3367.4547,3367.4753,956.0
2016-10-26,3354.8003,3365.1975,301.0
2016-10-27,3345.695,3351.4603,-540.0
2016-10-28,3340.1262,3347.1438,416.0
2016-10-31,3336.2778,3332.406,233.0
2016-11-01,3359.0515,3338.7099,463.0
2016-11-02,3333.3524,3350.71,-946.0
2016-11-03,3365.085,3326.9045,-350.0
2016-11-04,3354.1749,3362.2055,-160.0
2016-11-07,3356.5916,3353.4441,103.0
2016-11-08,3371.1177,3367.6974,372.0
2016-11-09,3353.0547,3370.5999,-3996.0
2016-11-10,3390.6119,3374.906,1644.0
2016-11-11,3417.2211,3387.9481,-584.0
2016-11-14,3430.2482,3409.2241,-113.0
2016-11-15,3429.8697,3428.8663,58.0
2016-11-16,3429.5921,3432.4336,798.0
2016-11-17,3436.535,3423.4654,27.0
2016-11-18,3417.4554,3437.4898,-24.0
2016-11-21,3441.1106,3412.6523,176.0
2016-11-22,3468.3637,3443.2201,1375.0
2016-11-23,3474.7289,3473.8949,1163.0
2016-11-24,3488.7402,3468.8071,932.0
2016-11-25,3521.2984,3490.0399,1766.0
2016-11-28,3535.0807,3538.6754,1467.0
2016-11-29,3564.0404,3525.9011,1090.0
2016-11-30,3538.001,3557.6357,1171.0
2016-12-01,3565.036,3543.9555,1045.0
2016-12-02,3528.9547,3559.7711,-1437.0
2016-12-05,3469.4073,3473.6876,1318.43
2016-12-06,3459.1533,3466.2417,1542.34
2016-12-07,3475.7473,3458.3687,1995.3
2016-12-08,3470.1426,3481.8067,2353.95
2016-12-09,3493.7004,3464.8733,199.21
2016-12-12,3409.1794,3489.2683,1108.47
2016-12-13,3405.0355,3394.2072,1744.85
2016-12-14,3378.9453,3399.4113,999.47
2016-12-15,3340.4338,3363.8597,563.27
2016-12-16,3346.0305,3335.3625,1291.0
2016-12-19,3328.9827,3342.3449,-500.59
2016-12-20,3309.0641,3328.2985,-2467.56
2016-12-21,3338.536,3313.7451,214.96
2016-12-22,3335.672,3335.1218,-458.55
2016-12-23,3307.5991,3333.4009,0.0
2016-12-28,3301.8887,3315.7526,-400.25
2016-12-29,3297.7648,3297.036,23.57
2016-12-30,3310.0808,3302.5993,100.0
2017-01-03,3342.2272,3313.9534,33.02
2017-01-04,3368.3117,3340.5576,-719.15
2017-01-05,3367.7892,3368.3402,-278.84
2017-01-06,3347.6665,3366.8522,-1459.0
2017-01-09,3363.9014,3345.7483,39.4
2017-01-10,3358.2716,3361.6394,387.6
2017-01-11,3334.4954,3355.8008,1769.32
2017-01-12,3317.6241,3332.6857,1296.54
2017-01-13,3319.9122,3317.9625,1255.0
2017-01-16,3319.4455,3314.1507,-706.89
2017-01-17,3326.3563,3305.6001,1248.16
2017-01-18,3339.3653,3323.3389,1475.64
2017-01-19,3329.2891,3330.9522,1142.07
2017-01-20,3354.8891,3326.9773,1767.0
2017-01-23,3364.0808,3359.0543,1484.39
2017-01-24,3364.4509,3363.1374,1441.93
2017-01-25,3375.9042,3361.6561,279.36
2017-01-26,3387.9606,3378.2609,965.61
2017-02-03,3364.4923,3390.9315,1404.0
2017-02-06,3373.2051,3368.1081,2886.74
2017-02-07,3365.6849,3371.7695,1786.01
2017-02-08,3383.2878,3361.7811,1337.35
2017-02-09,3396.2924,3381.8992,2040.79
2017-02-10,3413.4868,3398.3173,1757.0
2017-02-13,3436.275,3416.9168,1810.18
2017-02-14,3435.8042,3438.511,1459.66
2017-02-15,3421.7131,3435.3882,2446.25
2017-02-16,3440.9331,3421.8299,2011.66
2017-02-17,3421.4419,3443.6166,1318.0
2017-02-20,3471.3926,3421.6434,1994.53
2017-02-21,3482.823,3475.0584,1462.38
2017-02-22,3489.7567,3483.2008,1223.71
2017-02-23,3473.3236,3487.5745,1542.8
2017-02-24,3473.8517,3468.9588,934.0
2017-02-27,3446.2228,3471.1319,518.66
2017-02-28,3452.8103,3445.0274,285.01
2017-03-01,3458.4376,3452.2058,1262.09
2017-03-02,3435.0963,3463.4829,507.8
2017-03-03,3427.8628,3424.6627,244.0
2017-03-06,3446.484,3427.2533,435.63
2017-03-07,3453.9565,3446.1628,451.69
2017-03-08,3448.7313,3452.2006,209.53
2017-03-09,3426.9438,3442.8953,-1797.32
2017-03-10,3427.8916,3423.9776,-724.0
2017-03-13,3458.098,3425.6723,873.1
2017-03-14,3456.6934,3456.6584,-886.43
2017-03-15,3463.6436,3452.2139,471.3
2017-03-16,3481.5066,3472.2694,1917.76
2017-03-17,3445.8051,3485.3114,1340.0
2017-03-20,3449.6126,3449.0515,1776.22
2017-03-21,3466.3468,3449.7696,993.2
2017-03-22,3450.0502,3450.7544,653.22
2017-03-23,3461.9782,3452.4056,1802.83
2017-03-24,3489.5997,3464.1966,1823.0
2017-03-27,3478.0385,3488.7647,377.05
2017-03-28,3469.8093,3480.249,940.59
2017-03-29,3465.1933,3472.9665,330.69
2017-03-30,3436.758,3461.6159,1271.85
2017-03-31,3456.0455,3434.8222,-127.0
2017-04-05,3503.8932,3476.4231,1834.99
2017-04-06,3514.0469,3507.9879,148.9
2017-04-07,3517.4634,3514.4521,647.0
2017-04-10,3505.1392,3519.4597,945.06
2017-04-11,3517.328,3503.8294,-362.9
2017-04-12,3509.4387,3514.5723,-195.48
2017-04-13,3514.5662,3500.2838,0.0
2017-04-18,3462.7429,3474.8892,121.75
2017-04-19,3445.8761,3452.9904,1225.86
2017-04-20,3461.5481,3444.5225,1749.17
2017-04-21,3466.7865,3461.389,731.0
2017-04-24,3431.2587,3458.2279,466.96
2017-04-25,3440.9743,3427.7322,1591.39
2017-04-26,3445.1832,3440.2526,1146.26
2017-04-27,3446.7202,3435.1017,903.7
2017-04-28,3439.753,3439.5735,1767.0
2017-05-02,3426.5766,3427.9169,0.0
2017-05-04,3404.3864,3404.9379,1178.02
2017-05-05,3382.5502,3393.4831,-197.0
2017-05-08,3358.8125,3369.1084,316.77
2017-05-09,3352.5324,3342.5981,2285.17
2017-05-10,3337.7007,3350.6502,2282.39
2017-05-11,3356.6459,3322.9455,2367.22
2017-05-12,3385.3787,3350.9371,289.0
2017-05-15,3399.1937,3391.5881,1756.91
2017-05-16,3428.6491,3390.925,3162.11
2017-05-17,3409.9656,3423.19,1554.63
2017-05-18,3398.1127,3387.6655,1010.83
2017-05-19,3403.8492,3395.2318,1371.0
2017-05-22,3411.2387,3400.5882,644.73
2017-05-23,3424.194,3405.0254,390.11
2017-05-24,3424.1669,3409.7169,1195.77
2017-05-25,3485.6581,3414.3992,1674.49
2017-05-26,3480.4345,3479.6206,44.0
2017-05-31,3492.8845,3495.073,-1545.26
2017-06-01,3497.7382,3485.2223,-1606.26
2017-06-02,3486.5074,3491.5893,1730.0
2017-06-05,3468.7538,3480.1692,1887.97
2017-06-06,3492.8816,3464.3765,2125.97
2017-06-07,3533.8718,3493.8846,2381.51
2017-06-08,3560.9786,3531.2419,2421.16
2017-06-09,3576.1703,3561.2411,1467.0
2017-06-12,3574.3894,3570.2191,-921.5
2017-06-13,3582.2674,3569.1594,600.88
2017-06-14,3535.2987,3571.2483,-1264.78
2017-06-15,3528.7926,3530.7465,2303.44
2017-06-16,3518.7611,3522.9745,1142.0
2017-06-19,3553.6653,3520.0602,2398.09
2017-06-20,3546.494,3560.7871,401.72
2017-06-21,3587.955,3567.1256,1527.76
2017-06-22,3590.3425,3583.5583,1770.37
2017-06-23,3622.8831,3583.4359,1647.0
2017-06-26,3668.0919,3627.0208,229.07
2017-06-27,3674.7152,3665.5775,2744.18
2017-06-28,3646.1666,3664.1629,-314.29
2017-06-29,3668.8279,3649.2525,3237.63
2017-06-30,3666.7977,3654.7348,-1073.0
2017-07-03,3650.8463,3667.2316,501.02
2017-07-04,3619.9841,3646.828,-512.91
2017-07-05,3659.6795,3611.8984,680.24
2017-07-06,3660.0967,3654.5576,-1008.46
2017-07-07,3655.9293,3647.6416,354.0
2017-07-10,3653.6868,3647.9379,1020.22
2017-07-11,3670.8086,3646.8783,916.6
2017-07-12,3658.8236,3672.6328,1684.66
2017-07-13,3686.9205,3656.3502,1442.01
2017-07-14,3703.094,3682.6153,182.0
2017-07-17,3663.5575,3700.6179,1447.28
2017-07-18,3667.1807,3648.4942,2097.7
2017-07-19,3729.7466,3660.8665,1861.58
2017-07-20,3747.8843,3725.1436,206.97
2017-07-21,3728.5976,3738.1847,1601.0
2017-07-24,3743.4686,3724.3778,1693.18
2017-07-25,3719.559,3742.6405,1321.21
2017-07-26,3705.3884,3722.8761,1888.75
2017-07-27,3712.1947,3700.8558,2840.21
2017-07-28,3721.8914,3703.4895,2405.0
2017-07-31,3737.8732,3722.4282,2002.06
2017-08-01,3770.3828,3738.7364,1603.84
2017-08-02,3760.8525,3768.1938,371.27
2017-08-03,3727.8264,3755.1081,2504.75
2017-08-04,3707.5796,3724.7225,2944.0
2017-08-07,3726.7948,3701.2161,2944.53
2017-08-08,3732.2129,3724.3287,1916.45
2017-08-09,3731.044,3728.0319,1317.62
2017-08-10,3715.9208,3724.962,-189.02
2017-08-11,3647.3503,3687.9314,-823.0
2017-08-14,3694.6831,3651.3754,326.26
2017-08-15,3706.0566,3695.78,14.76
2017-08-16,3701.4207,3701.1337,922.95
2017-08-17,3721.277,3707.0668,786.48
2017-08-18,3724.6748,3707.1891,-974.0
2017-08-21,3740.9941,3731.8399,278.17
2017-08-22,3752.298,3745.7543,102.66
2017-08-24,3734.6458,3755.8902,1349.96
2017-08-25,3795.7544,3736.2916,3169.0
2017-08-28,3842.7119,3805.6567,3866.59
2017-08-29,3834.5376,3839.1779,1832.22
2017-08-30,3834.3005,3834.2682,3435.64
2017-08-31,3822.0928,3835.8394,1975.78
2017-09-01,3830.5383,3825.3392,4333.0
2017-09-04,3845.6163,3828.5447,1923.67
2017-09-05,3857.0464,3845.5451,1058.61
2017-09-06,3849.4499,3846.7471,291.63
2017-09-07,3829.8713,3851.688,1033.47
2017-09-08,3825.9895,3830.0707,567.0
2017-09-11,3825.6453,3828.3422,2128.58
2017-09-12,3837.9341,3832.2422,2571.5
2017-09-13,3842.6061,3835.5493,352.76
2017-09-14,3829.9554,3843.572,152.03
2017-09-15,3831.2965,3826.1448,104.0
2017-09-18,3843.1428,3832.9626,4494.72
2017-09-19,3832.1161,3849.8794,242.48
2017-09-20,3842.4353,3830.1549,2142.8
2017-09-21,3837.8176,3843.2577,1284.14
2017-09-22,3837.7304,3826.4589,610.0
2017-09-25,3817.7915,3829.219,-1677.08
2017-09-26,3820.7816,3810.3333,110.5
2017-09-27,3821.2,3818.9646,734.04
2017-09-28,3822.5386,3821.5904,-296.31
2017-09-29,3836.5013,3825.2021,1233.0
2017-10-09,3882.2076,3910.1149,7683.25
2017-10-10,3889.8637,3883.0037,4219.56
2017-10-11,3902.6868,3886.8184,1744.92
2017-10-12,3912.9536,3902.0156,486.15
2017-10-13,3921.0017,3912.975,410.0
2017-10-16,3913.4462,3926.2754,1572.5
2017-10-17,3913.0688,3910.7894,1810.86
2017-10-18,3944.1626,3914.8152,-427.46
2017-10-19,3931.2495,3940.5831,73.09
2017-10-20,3926.852,3918.5265,-35.0
2017-10-23,3930.7981,3930.8914,-1373.82
2017-10-24,3959.3953,3926.2299,-3150.67
2017-10-25,3976.949,3958.1669,615.5
2017-10-26,3993.5752,3980.0479,1687.49
2017-10-27,4021.9676,3992.5539,342.45
2017-10-30,4009.7218,4022.1641,-1016.42
2017-10-31,4006.7179,3995.3935,-350.0
2017-11-01,3996.6221,4007.9116,2675.97
2017-11-02,3997.1343,3994.0946,1671.47
2017-11-03,3992.6979,3992.3496,345.0
2017-11-06,4020.8896,3989.1824,632.7
2017-11-07,4054.2465,4022.4018,1636.61
2017-11-08,4048.0057,4051.4935,1995.06
2017-11-09,4075.8998,4043.0663,3157.18
2017-11-10,4111.9112,4070.2763,390.0
2017-11-13,4128.0733,4115.5507,733.94
2017-11-14,4099.351,4129.2736,435.73
2017-11-15,4073.6696,4084.2131,-1944.88
2017-11-16,4105.0122,4063.4943,611.32
2017-11-17,4120.8508,4094.0787,-1374.0
2017-11-20,4143.8334,4093.734,-728.63
2017-11-21,4217.7015,4131.8482,-537.65
2017-11-22,4227.5666,4228.3721,537.68
2017-11-23,4102.3966,4213.3781,2023.61
2017-11-24,4104.2034,4089.4723,986.0
2017-11-27,4049.9475,4088.9318,-1277.45
2017-11-28,4055.8235,4034.2057,3470.72
2017-11-29,4053.7529,4061.3545,1438.57
2017-11-30,4006.0993,4034.0091,-667.6
2017-12-01,3998.1365,4003.5604,3342.0
2017-12-04,4018.8571,3989.0466,-23.56
2017-12-05,4040.1704,4007.9361,-3132.06
2017-12-06,4015.8211,4027.1231,-3853.27
2017-12-07,3971.0569,4003.5826,-1475.11
2017-12-08,4003.3792,3962.8288,3989.0
2017-12-11,4069.4997,4006.8784,1663.44
2017-12-12,4016.0163,4068.5053,-659.19
2017-12-13,4050.0927,4013.8319,3017.74
2017-12-14,4026.1516,4050.9028,709.28
2017-12-15,3980.8558,4018.7313,-2524.0
2017-12-18,3985.2914,3983.2965,1986.69
2017-12-19,4035.3294,3985.8233,1710.18
2017-12-20,4030.4898,4036.019,-798.96
2017-12-21,4067.8485,4023.076,1363.48
2017-12-22,4054.5984,4064.9131,0.0
2017-12-27,3991.2075,4045.2793,928.31
2017-12-28,4018.8974,3992.997,3056.3
2017-12-29,4030.8549,4022.8826,1641.0
2018-01-02,4087.4012,4045.2086,3513.12
2018-01-03,4111.3925,4091.4607,4629.73
2018-01-04,4128.8119,4114.1213,4519.57
2018-01-05,4138.7505,4133.3439,2606.0
2018-01-08,4160.1595,4140.8545,1925.48
2018-01-09,4189.2977,4157.5394,3076.1
2018-01-10,4207.8132,4187.2044,1727.18
2018-01-11,4205.5863,4197.1136,235.54
2018-01-12,4225.001,4205.1444,2285.0
2018-01-15,4225.2393,4229.8357,-1640.2
2018-01-16,4258.473,4215.6247,2536.53
2018-01-17,4248.1164,4261.7833,-644.17
2018-01-18,4271.4168,4259.375,1993.74
2018-01-19,4285.395,4281.9371,1217.0
2018-01-22,4336.5974,4276.4811,2384.18
2018-01-23,4382.6129,4346.8885,2857.91
2018-01-24,4389.8853,4389.4547,429.95
2018-01-25,4365.0794,4381.9768,2474.35
2018-01-26,4381.2996,4352.2211,3181.0
2018-01-29,4302.0181,4387.0577,-713.19
2018-01-30,4256.1021,4286.6834,531.78
2018-01-31,4275.8986,4234.1101,147.62
2018-02-01,4245.8978,4276.3425,429.05
2018-02-02,4271.2326,4213.9386,16.0
2018-02-05,4274.1464,4204.458,-3266.07
2018-02-06,4148.8856,4182.3257,-9664.18
2018-02-07,4050.4972,4205.7365,1802.49
2018-02-08,4012.0472,4022.8802,3060.88
2018-02-09,3840.6527,3896.1691,-2468.0
2018-02-12,3890.1046,3846.2671,-1112.78
2018-02-13,3935.6324,3925.5955,-801.19
2018-02-14,3966.9614,3945.0943,1253.07
2018-02-22,4052.7332,4020.9731,2526.5
2018-02-23,4071.0889,4061.7545,1926.0
2018-02-26,4118.4186,4093.3988,3393.76
2018-02-27,4058.9806,4120.8712,2694.88
2018-02-28,4023.6415,4016.7911,-354.35
2018-03-01,4049.0863,3994.8686,1384.37
2018-03-02,4016.461,4014.951,-950.0
2018-03-05,4018.097,4021.6575,-1288.69
2018-03-06,4066.5647,4034.9854,1138.47
2018-03-07,4036.6536,4063.5028,-2466.2
2018-03-08,4077.6001,4038.9527,2986.11
2018-03-09,4108.8652,4088.0704,1541.0
2018-03-12,4127.6662,4130.7082,2535.21
2018-03-13,4091.2533,4124.3312,1506.65
2018-03-14,4073.3447,4076.0626,736.91
2018-03-15,4096.1627,4058.7058,1546.21
2018-03-16,4056.4226,4096.8857,-1895.0
2018-03-19,4074.2479,4054.6167,1021.81
2018-03-20,4077.7041,4045.7428,-713.44
2018-03-21,4061.0502,4097.0243,620.06
2018-03-22,4020.349,4062.0668,474.68
2018-03-23,3904.9355,3896.7359,-1612.0
2018-03-26,3879.893,3862.6948,4040.69
2018-03-27,3913.2689,3927.492,1170.7
2018-03-28,3842.7155,3865.0454,809.42
2018-03-29,3894.0498,3854.5914,0.0
2018-04-03,3862.4796,3850.1546,3023.57
2018-04-04,3854.8625,3873.6267,1482.2
2018-04-09,3852.9292,3851.9548,3386.74
2018-04-10,3927.1729,3860.7225,3485.83
2018-04-11,3938.3434,3934.1698,1090.65
2018-04-12,3898.6354,3935.673,2902.05
2018-04-13,3871.1443,3920.7375,2409.0
2018-04-16,3808.863,3862.4738,2717.05
2018-04-17,3748.6412,3812.8746,778.13
2018-04-18,3766.282,3785.3059,7342.59
2018-04-19,3811.843,3774.784,5376.58
2018-04-20,3760.8543,3801.2075,-1049.0
2018-04-23,3766.3257,3754.6896,2430.59
2018-04-24,3843.4886,3769.8787,3999.22
2018-04-25,3828.7015,3824.5929,1475.05
2018-04-26,3755.4941,3823.3921,-3035.99
2018-04-27,3756.8765,3771.0369,2678.0
2018-05-02,3763.6461,3769.9251,4729.41
2018-05-03,3793.0001,3756.1657,636.05
2018-05-04,3774.5981,3784.3161,-1196.0
2018-05-07,3834.1877,3782.5404,2850.61
2018-05-08,3878.6767,3834.6141,2087.85
2018-05-09,3871.6152,3876.1296,2284.25
2018-05-10,3893.0565,3882.8357,3174.32
2018-05-11,3872.8383,3902.1481,2648.0
2018-05-14,3909.2933,3886.8736,5844.03
2018-05-15,3924.0975,3920.1395,3808.34
2018-05-16,3892.8442,3909.8183,1207.77
2018-05-17,3864.0507,3895.4895,2377.58
2018-05-18,3903.0637,3860.1644,3628.44
2018-05-21,3921.2421,3925.5394,0.0
2018-05-23,3854.5825,3898.2683,2363.17
2018-05-24,3827.217,3853.2916,2179.27
2018-05-25,3816.498,3823.7448,2182.73
2018-05-28,3833.2599,3816.2649,4047.05
2018-05-29,3804.0093,3824.1909,1548.4
2018-05-30,3723.3724,3755.1764,1413.69
2018-05-31,3802.3759,3749.2954,6629.25
2018-06-01,3770.5891,3789.6716,2284.18
2018-06-04,3807.5781,3785.1869,6258.91
2018-06-05,3845.3164,3811.2852,3974.46
2018-06-06,3837.3511,3839.683,2812.3
2018-06-07,3831.0128,3846.9367,4298.88
2018-06-08,3779.6159,3819.4477,831.99
2018-06-11,3779.9818,3770.208,4419.81
2018-06-12,3825.9534,3783.1858,2703.36
2018-06-13,3788.3391,3814.6174,1522.81
2018-06-14,3773.3655,3774.6396,2924.67
2018-06-15,3753.4338,3763.0405,2860.59
2018-06-19,3621.1166,3702.6681,-1988.98
2018-06-20,3635.4436,3602.5512,922.24
2018-06-21,3592.965,3633.5558,-834.2
2018-06-22,3608.9046,3567.8939,228.35
2018-06-25,3560.4777,3625.7984,-3677.49
2018-06-26,3531.1112,3521.5876,2624.55
2018-06-27,3459.2621,3525.1323,-1158.94
2018-06-28,3423.5255,3434.9441,955.33
2018-06-29,3510.9845,3431.9619,0.0
2018-07-03,3409.2801,3410.4767,553.68
2018-07-04,3363.7473,3398.7788,-1298.19
2018-07-05,3342.4379,3365.5547,2353.62
2018-07-06,3365.1227,3347.0624,4568.08
2018-07-09,3459.1837,3378.9056,3647.24
2018-07-10,3467.5155,3464.9064,776.38
2018-07-11,3407.5297,3398.9265,-77.24
2018-07-12,3481.0559,3403.3302,1965.18
2018-07-13,3492.6897,3488.4966,1257.45
2018-07-16,3472.0859,3488.967,30.6
2018-07-17,3449.3773,3466.4236,-494.56
2018-07-18,3431.3227,3456.6065,14.97
2018-07-19,3428.343,3444.8032,2705.81
2018-07-20,3492.8938,3426.4558,2318.1
2018-07-23,3525.7503,3471.8555,54.86
2018-07-24,3581.7057,3530.6641,2802.4
2018-07-25,3577.7522,3589.5055,1781.56
2018-07-26,3536.2456,3583.3173,545.81
2018-07-27,3521.2269,3533.7714,2715.9
2018-07-30,3515.0794,3520.8538,2682.78
2018-07-31,3517.6568,3510.4744,3269.2
2018-08-01,3447.3882,3530.0298,938.66
2018-08-02,3370.9579,3434.3516,362.91
2018-08-03,3315.2839,3366.6637,510.57
2018-08-06,3273.2728,3312.8153,3063.12
2018-08-07,3368.8695,3284.9785,2985.01
2018-08-08,3314.5075,3362.1485,1658.03
2018-08-09,3397.5298,3303.4765,5214.5
2018-08-10,3405.0191,3398.4139,54.25
2018-08-13,3390.3441,3369.9812,-577.95
2018-08-14,3372.9137,3386.4832,-1339.72
2018-08-15,3291.976,3371.959,-1527.14
2018-08-16,3276.7276,3251.8556,2171.9
2018-08-17,3229.6198,3305.8954,367.53
2018-08-20,3267.2498,3238.215,5656.1
2018-08-21,3326.6489,3271.8402,2814.75
2018-08-22,3307.9545,3328.9693,2003.22
2018-08-23,3320.0257,3308.4589,1259.92
2018-08-24,3325.3347,3308.4778,-176.87
2018-08-27,3406.5735,3339.3894,2167.64
2018-08-28,3400.1705,3408.1502,1430.72
2018-08-29,3386.5736,3393.0527,2031.95
2018-08-30,3351.0942,3385.8052,616.36
2018-08-31,3334.5036,3333.3801,3767.19
2018-09-03,3321.8248,3320.6898,270.77
2018-09-04,3363.8984,3324.186,1351.13
2018-09-05,3298.1412,3349.6983,-3108.86
2018-09-06,3262.8808,3286.6645,886.29
2018-09-07,3277.6438,3273.8906,-254.09
2018-09-10,3230.0681,3271.3818,-604.71
2018-09-11,3224.2116,3229.7052,-42.03
2018-09-12,3202.0248,3216.9911,-1045.35
2018-09-13,3236.5662,3239.6852,2739.93
2018-09-14,3242.0902,3242.8307,2807.42
2018-09-17,3204.9224,3224.9267,691.34
2018-09-18,3269.4319,3193.6423,1917.1
2018-09-19,3312.4823,3261.997,776.18
2018-09-20,3310.1258,3314.8758,4800.23
2018-09-26,3417.2413,3388.5576,1877.73
2018-09-27,3403.5902,3415.9532,2889.4
2018-09-28,3438.8649,3409.9598,1626.3
2018-10-08,3290.8988,3361.5594,-9716.11
2018-10-09,3288.6906,3290.1705,-3079.84
2018-10-10,3281.5978,3295.4288,-1612.04
2018-10-11,3124.1139,3179.5408,-3632.36
2018-10-12,3170.7262,3123.3715,1072.54
2018-10-15,3126.4516,3173.8467,-1104.67
2018-10-16,3100.9738,3128.5764,0.0
2018-10-18,3044.3918,3097.7903,-633.95
2018-10-19,3134.9455,3017.7488,4322.54
2018-10-22,3270.2732,3159.5614,-762.01
2018-10-23,3183.4257,3273.1271,-353.05
2018-10-24,3188.2018,3169.4571,1470.65
2018-10-25,3194.3084,3107.8402,-3601.84
2018-10-26,3173.635,3204.2845,-1665.13
2018-10-29,3076.8889,3157.4879,2788.41
2018-10-30,3110.2605,3061.93,229.5
2018-10-31,3153.8234,3116.6582,5748.69
2018-11-01,3177.0338,3185.202,8482.47
2018-11-02,3290.2455,3258.6093,17384.67
2018-11-05,3262.8351,3269.4695,938.37
2018-11-06,3243.1504,3254.9778,-1795.3
2018-11-07,3221.9101,3243.8775,2028.59
2018-11-08,3212.7737,3251.7281,3857.26
2018-11-09,3167.4442,3193.3039,92.47
2018-11-12,3205.1407,3160.2465,1103.18
2018-11-13,3237.3823,3164.9222,2396.0
2018-11-14,3204.9427,3233.6409,-896.36
2018-11-15,3242.3715,3201.2814,2537.76
2018-11-16,3257.6735,3242.879,1995.78
2018-11-19,3294.6031,3258.7919,1642.12
2018-11-20,3218.4076,3268.0768,-3064.16
2018-11-21,3226.4918,3187.1025,951.04
2018-11-22,3214.4273,3232.9731,-675.49
2018-11-23,3143.4752,3208.593,-1051.2
2018-11-26,3141.2434,3148.6721,2392.96
2018-11-27,3137.2413,3152.7743,145.38
2018-11-28,3178.9326,3137.7477,2539.17
2018-11-29,3137.6542,3198.8259,1073.26
2018-11-30,3172.69,3136.1962,4834.6
2018-12-03,3260.9502,3260.6862,12141.36
2018-12-04,3267.7095,3256.2282,4291.69
2018-12-05,3252.0041,3224.2556,890.71
2018-12-06,3181.673,3218.113,-4229.51
2018-12-07,3181.5646,3187.4919,-512.23
2018-12-10,3144.7631,3153.5228,-1770.16
2018-12-11,3159.8158,3148.2256,300.51
2018-12-12,3170.6092,3181.566,1265.74
2018-12-13,3219.6924,3178.891,6619.44
2018-12-14,3165.9109,3207.3481,-1707.5
2018-12-17,3161.1966,3158.2844,1258.61
2018-12-18,3128.4265,3139.9493,-3012.15
2018-12-19,3091.1255,3133.7416,-784.79
2018-12-20,3067.4169,3083.5441,-1179.63
2018-12-21,3029.3951,3055.3258,-192.9
2018-12-24,3038.1981,3015.4974,0.0
2018-12-27,2990.5057,3042.9491,533.59
2018-12-28,3010.6536,2994.795,2229.67
2019-01-02,2969.5353,3017.0674,353.87
2019-01-03,2964.8421,2963.0186,780.12
2019-01-04,3035.8741,2940.1916,236.86
2019-01-07,3054.303,3055.1535,1646.35
2019-01-08,3047.7035,3049.8747,1416.05
2019-01-09,3078.4759,3065.2307,6763.12
2019-01-10,3072.6864,3077.4817,1639.21
2019-01-11,3094.7782,3082.2615,4266.43
2019-01-14,3067.7845,3092.4984,-1684.17
2019-01-15,3127.9904,3071.5185,5180.28
2019-01-16,3128.6517,3126.1347,2527.32
2019-01-17,3111.4168,3132.6285,2585.6
2019-01-18,3168.1739,3124.5025,8421.01
2019-01-21,3185.6364,3170.8773,3223.7
2019-01-22,3143.3171,3181.9494,-1392.97
2019-01-23,3141.0532,3136.096,1811.94
2019-01-24,3158.7817,3146.6046,2445.63
2019-01-25,3184.4696,3165.1814,3493.24
2019-01-28,3183.7777,3203.1189,4940.45
2019-01-29,3193.9698,3177.261,2375.98
2019-01-30,3168.4829,3181.6551,994.16
2019-01-31,3201.6331,3182.6987,8663.91
2019-02-01,3247.3971,3225.7335,5546.59
2019-02-11,3306.4725,3239.8079,4569.04
2019-02-12,3330.3353,3306.3523,5326.22
2019-02-13,3397.0276,3337.7794,8601.33
2019-02-14,3402.1403,3392.8547,5680.98
2019-02-15,3338.7047,3391.242,2193.83
2019-02-18,3445.7448,3366.423,4788.07
2019-02-19,3439.6078,3454.7216,1618.02
2019-02-20,3451.9273,3449.9321,4758.17
2019-02-21,3442.7056,3450.1411,2318.07
2019-02-22,3520.1182,3439.3781,5998.99
2019-02-25,3729.4831,3575.8528,-716.05
2019-02-26,3684.6935,3734.7059,1992.78
2019-02-27,3678.3921,3682.8116,4875.55
2019-02-28,3669.3703,3675.2642,2839.93
2019-03-01,3749.7143,3699.2157,3020.42
2019-03-04,3794.104,3783.0367,3539.56
2019-03-05,3816.0132,3785.3762,4157.46
2019-03-06,3848.0903,3822.8588,-834.6
2019-03-07,3808.8497,3841.1456,-3969.91
2019-03-08,3657.579,3721.4016,-1227.7
2019-03-11,3729.9546,3663.9772,-1986.66
2019-03-12,3755.3519,3758.3151,997.24
2019-03-13,3724.1941,3758.713,-2347.14
2019-03-14,3698.4858,3710.2934,2332.8
2019-03-15,3745.005,3713.936,2288.52
2019-03-18,3851.7479,3753.6436,3387.69
2019-03-19,3833.9626,3856.5885,-1598.86
2019-03-20,3835.4397,3825.3356,-105.59
2019-03-21,3836.8913,3840.2783,-1194.87
2019-03-22,3833.8013,3838.1255,-1357.18
2019-03-25,3742.8252,3776.4426,-10774.45
2019-03-26,3700.4388,3766.5287,995.57
2019-03-27,3743.3878,3724.4058,-496.19
2019-03-28,3728.3953,3731.0612,-1563.03
2019-03-29,3872.3412,3739.7739,11093.15
2019-04-01,3973.928,3901.1698,3118.18
2019-04-02,3971.2852,3986.3443,-161.43
2019-04-03,4022.1566,3947.8697,2905.34
2019-04-04,4062.2309,4039.7415,-1452.22
2019-04-08,4057.2286,4097.1027,-4440.76
2019-04-09,4075.4301,4063.8139,-402.62
2019-04-10,4085.847,4062.4425,-3352.2
2019-04-11,3997.5778,4083.4618,-4198.67
2019-04-12,3988.6168,3986.7822,-507.23
2019-04-15,3975.5244,4056.4919,-2274.32
2019-04-16,4085.7891,3958.0963,3432.49
2019-04-17,4087.2398,4080.7172,-1877.57
2019-04-18,4072.0753,4085.1148,0.0
2019-04-23,4019.0053,4021.6277,-6497.7
2019-04-24,4030.0887,4033.6292,-3525.16
2019-04-25,3941.816,4013.6027,-1706.38
2019-04-26,3889.2748,3921.8909,-1042.6
2019-04-29,3900.3339,3896.5824,4532.73
2019-04-30,3913.211,3887.1799,-546.89
2019-05-06,3684.6168,3775.0765,-5623.53
2019-05-07,3720.6684,3702.2656,-1141.74
2019-05-08,3667.4574,3648.5489,-4963.37
2019-05-09,3599.7001,3637.346,-5680.95
2019-05-10,3730.4513,3643.0557,0.0
2019-05-14,3645.1503,3630.4388,-10899.67
2019-05-15,3727.0923,3674.9931,907.45
2019-05-16,3743.9635,3720.039,-3396.97
2019-05-17,3648.7609,3744.8751,-5611.04
2019-05-20,3617.7924,3635.7357,-2426.44
2019-05-21,3666.7762,3619.4369,-3684.39
2019-05-22,3649.3796,3663.1533,-4493.86
2019-05-23,3583.9646,3629.5284,-4114.07
2019-05-24,3593.9139,3584.9016,-1617.54
2019-05-27,3637.1971,3592.6027,-1905.02
2019-05-28,3672.2605,3633.0182,5566.86
2019-05-29,3663.909,3642.5415,-3251.41
2019-05-30,3641.1833,3648.8495,-788.27
2019-05-31,3629.7893,3640.9963,-549.77
2019-06-03,3632.0127,3640.6126,4406.98
2019-06-04,3598.4666,3632.5602,1064.25
2019-06-05,3597.105,3627.7947,3057.82
2019-06-06,3564.6778,3601.0356,1078.56
2019-06-10,3610.7435,3578.0084,7897.27
2019-06-11,3719.2759,3617.5239,6945.96
2019-06-12,3691.0957,3706.8635,1286.01
2019-06-13,3685.3933,3689.5834,1171.04
2019-06-14,3654.8799,3690.4763,-1638.21
2019-06-17,3654.8248,3654.4433,507.31
2019-06-18,3667.6185,3661.1299,1592.16
2019-06-19,3715.9381,3761.3381,4923.74
2019-06-20,3828.5183,3718.9416,5564.91
2019-06-21,3833.9383,3832.7321,7330.5
2019-06-24,3841.2659,3836.3051,-1911.1
2019-06-25,3801.3098,3837.4259,-3299.54
2019-06-26,3794.331,3779.5125,-1213.47
2019-06-27,3834.8172,3807.5376,3838.88
2019-06-28,3825.5873,3832.0599,0.0
2019-07-02,3937.1691,3931.0486,1121.81
2019-07-03,3893.5341,3927.4365,-489.53
2019-07-04,3873.1019,3895.1978,976.82
2019-07-05,3893.2025,3875.3736,427.71
2019-07-08,3802.7897,3875.7547,-3605.9
2019-07-09,3793.1297,3798.0954,-2619.8
2019-07-10,3786.739,3807.9497,-1637.41
2019-07-11,3785.221,3806.1855,2435.87
2019-07-12,3808.7311,3783.0733,1459.27
2019-07-15,3824.1878,3792.6409,-1441.0
2019-07-16,3806.8449,3819.2474,1009.2
2019-07-17,3804.6384,3800.1064,1751.05
2019-07-18,3768.4019,3793.1893,1844.97
2019-07-19,3807.9551,3787.5079,6189.24
2019-07-22,3781.6832,3813.5022,385.0
2019-07-23,3789.9135,3783.5411,-405.66
2019-07-24,3819.8325,3803.5867,2050.19
2019-07-25,3851.0665,3821.3898,1948.73
2019-07-26,3858.5688,3835.2281,-1386.67
2019-07-29,3854.2704,3857.9394,58.98
2019-07-30,3870.3176,3861.5698,2450.98
2019-07-31,3835.3589,3856.745,-499.16
2019-08-01,3803.4694,3819.3242,-1150.82
2019-08-02,3747.4379,3729.1309,-6811.99
2019-08-05,3675.6884,3724.4097,-3463.03
2019-08-06,3636.3289,3609.1118,-2978.73
2019-08-07,3621.431,3654.6323,-3050.43
2019-08-08,3669.2936,3651.3571,2549.25
2019-08-09,3633.5296,3686.7493,1394.9
2019-08-12,3699.1047,3647.8661,2239.17
2019-08-13,3665.7515,3675.5868,-2436.09
2019-08-14,3682.4015,3712.0657,1183.65
2019-08-15,3694.0006,3618.0092,137.24
2019-08-16,3710.5386,3697.9407,-217.34
2019-08-19,3791.0946,3736.0344,7847.61
2019-08-20,3787.7324,3786.026,-1262.33
2019-08-21,3781.7579,3778.3091,1999.41
2019-08-22,3793.5061,3793.8552,1515.33
2019-08-23,3820.8638,3796.8821,1148.77
2019-08-26,3765.9105,3756.3618,-3033.73
2019-08-27,3816.9459,3791.4587,11270.98
2019-08-28,3802.5844,3818.8125,-778.41
2019-08-29,3790.1867,3805.494,383.17
2019-08-30,3799.5863,3816.678,6719.55
2019-09-02,3848.3198,3803.689,5309.9
2019-09-03,3853.6106,3852.5794,18.66
2019-09-04,3886.0012,3848.6483,4972.88
2019-09-05,3925.323,3909.2087,9183.23
2019-09-06,3948.5075,3946.6854,8523.92
2019-09-09,3972.9484,3980.9577,2785.46
2019-09-10,3959.265,3976.8697,2378.74
2019-09-11,3930.0999,3969.6757,2432.02
2019-09-12,3972.3799,3944.6917,3295.48
2019-09-16,3957.7154,3981.3616,909.94
2019-09-17,3891.2208,3947.1577,-518.2
2019-09-18,3910.0837,3902.9947,3921.37
2019-09-19,3924.3823,3923.9631,2692.58
2019-09-20,3935.6511,3933.4594,14862.34
2019-09-23,3890.6616,3925.1858,-1531.35
2019-09-24,3901.0758,3895.8661,2751.72
2019-09-25,3870.9837,3887.5548,492.96
2019-09-26,3841.1388,3884.7022,2497.47
2019-09-27,3852.6534,3843.4584,318.5
2019-09-30,3814.5282,3842.0741,-635.17
2019-10-08,3837.6791,3818.5894,1743.95
2019-10-09,3843.2392,3822.6068,-2216.87
2019-10-10,3874.6391,3838.4865,136.33
2019-10-11,3911.7253,3885.5198,3726.14
2019-10-14,3953.2411,3944.8593,2701.63
2019-10-15,3936.2498,3953.1645,3671.25
2019-10-16,3922.6854,3939.276,2736.42
2019-10-17,3925.2216,3929.386,1738.79
2019-10-18,3869.3777,3935.4199,-1243.49
2019-10-21,3880.8398,3865.3436,2914.77
2019-10-22,3895.8809,3896.3149,294.85
2019-10-23,3871.0848,3892.6766,-1804.57
2019-10-24,3870.6678,3877.9239,560.42
2019-10-25,3896.7923,3871.7687,1537.67
2019-10-28,3926.585,3904.9824,2839.7
2019-10-29,3910.226,3929.7077,2423.63
2019-10-30,3891.2255,3904.7172,2899.53
2019-10-31,3886.7519,3906.8593,7389.32
2019-11-01,3952.3872,3883.8084,7449.27
2019-11-04,3978.1216,3964.0052,4084.83
2019-11-05,4002.8128,3982.1155,5200.48
2019-11-06,3984.8816,4006.327,791.07
2019-11-07,3991.8749,3984.5529,2109.6
2019-11-08,3973.0107,4017.6742,1366.93
2019-11-11,3902.9783,3948.6186,669.96
2019-11-12,3903.6888,3905.9584,-10.81
2019-11-13,3899.9815,3905.2831,-1763.04
2019-11-14,3905.857,3905.9284,1211.02
2019-11-15,3877.0892,3908.4891,1684.29
2019-11-18,3907.9291,3874.4405,1459.05
2019-11-19,3947.0392,3904.0996,2524.35
2019-11-20,3907.8641,3940.1344,189.88
2019-11-21,3889.598,3894.539,629.13
2019-11-22,3849.9948,3894.1742,944.76
2019-11-25,3878.2061,3850.966,5636.4
2019-11-26,3891.6533,3893.4349,21430.15
2019-11-27,3875.6186,3883.429,2421.67
2019-11-28,3862.3029,3877.9012,1738.01
2019-11-29,3828.6706,3857.1883,671.0
2019-12-02,3836.0589,3835.5128,2710.45
2019-12-03,3851.0873,3829.212,3456.6
2019-12-04,3849.819,3841.6627,3957.56
2019-12-05,3879.3638,3863.6086,6064.56
2019-12-06,3902.3853,3885.0582,4361.79
2019-12-09,3895.4468,3909.5297,3390.78
2019-12-10,3900.3843,3886.444,2954.71
2019-12-11,3902.7492,3907.1592,2367.94
2019-12-12,3891.0242,3908.4537,6521.77
2019-12-13,3968.2211,3928.0044,5270.59
2019-12-16,3987.5464,3970.7092,700.01
2019-12-17,4041.7996,3987.7426,8806.53
2019-12-18,4032.7826,4039.724,4483.1
2019-12-19,4027.1495,4034.6159,3536.37
2019-12-20,4017.2527,4032.1519,3715.32
2019-12-23,3967.0962,4014.6929,1749.15
2019-12-24,3992.9581,3971.56,0.0
2019-12-27,4022.0278,4029.2454,4680.9
2019-12-30,4081.6334,4015.5195,4427.97
2019-12-31,4096.5821,4077.7519,-162.25
2020-01-02,4152.2408,4121.3487,10147.05
2020-01-03,4144.9649,4161.2185,3360.85
2020-01-06,4129.2954,4120.5211,4355.21
2020-01-07,4160.2274,4137.4019,4506.96
2020-01-08,4112.3172,4139.6315,1422.95
2020-01-09,4164.3697,4145.5345,7550.58
2020-01-10,4163.1849,4177.5777,2958.24
2020-01-13,4203.9883,4166.9254,7710.47
2020-01-14,4189.8862,4215.1578,3427.96
2020-01-15,4166.7344,4186.881,1044.14
2020-01-16,4149.0434,4174.8172,3846.5
2020-01-17,4154.853,4162.1939,3521.35
2020-01-20,4185.8304,4170.7365,4193.0
2020-01-21,4114.3085,4165.0203,-7128.02
2020-01-22,4131.9311,4093.8009,-763.91
2020-01-23,4003.9013,4093.3229,-11761.8
2020-02-03,3688.3578,3639.9089,18189.39
2020-02-04,3785.6376,3652.0035,4920.17
2020-02-05,3828.5272,3801.099,-308.14
2020-02-06,3899.7751,3841.7537,10557.96
2020-02-07,3899.8693,3879.5531,-3299.28
2020-02-10,3916.0052,3872.3738,-3272.34
2020-02-11,3952.4643,3926.4204,1043.52
2020-02-12,3984.4325,3945.6663,1485.11
2020-02-13,3959.9188,3985.8757,791.2
2020-02-14,3987.7342,3954.234,4322.75
2020-02-17,4077.4241,3999.6511,5362.39
2020-02-18,4057.5108,4069.8315,-5390.47
2020-02-19,4051.3107,4049.5862,3744.64
2020-02-20,4144.6561,4062.8968,3897.92
2020-02-21,4149.4903,4134.8747,-1120.08
2020-02-24,4132.8388,4131.8364,-8705.14
2020-02-25,4123.8543,4066.302,-4831.34
2020-02-26,4073.0152,4070.0994,-6726.89
2020-02-27,4084.8759,4084.0782,-3940.5
2020-02-28,3940.0488,3988.7274,-5136.8
2020-03-02,4069.6662,3968.8435,4152.01
2020-03-03,4091.3615,4125.1356,480.29
2020-03-04,4115.0524,4078.4998,-780.43
2020-03-05,4206.7251,4150.21,4810.62
2020-03-06,4138.5072,4158.2021,-3042.11
2020-03-09,3997.1325,4063.076,-14318.89
2020-03-10,4082.7315,3975.2288,3095.87
2020-03-11,4028.4289,4090.9348,-7465.03
2020-03-12,3950.9111,3976.1139,-8380.38
2020-03-13,3895.3128,3771.0139,-14726.3
2020-03-16,3727.8398,3899.8598,-9807.48
2020-03-17,3709.6822,3739.7833,-8238.03
2020-03-18,3636.2565,3729.6853,-7191.23
2020-03-19,3589.0926,3623.789,-10220.35
2020-03-20,3653.2239,3629.5126,1686.63
2020-03-23,3530.3058,3542.6837,-7999.26
2020-03-24,3625.1146,3598.6548,3987.14
2020-03-25,3722.5181,3711.4753,2503.86
2020-03-26,3698.0472,3692.6083,-1357.51
2020-03-27,3710.0605,3746.3914,3413.73
2020-03-30,3674.1108,3657.4624,-125.69
2020-03-31,3686.1551,3708.1404,1649.85
2020-04-01,3675.0758,3682.2966,4235.0
2020-04-02,3734.5306,3656.3225,4331.76
2020-04-03,3713.2183,3721.4815,-1943.18
2020-04-07,3798.0214,3779.9076,12673.76
2020-04-08,3780.3445,3776.4171,-3452.7
2020-04-09,3792.8105,3798.4879,0.0
2020-04-14,3825.6991,3777.8343,14228.98
2020-04-15,3797.3623,3820.8506,3354.39
2020-04-16,3802.3806,3777.7986,3814.51
2020-04-17,3839.4871,3831.9232,8623.63
2020-04-20,3853.4551,3747.8408,49.93
2020-04-21,3808.0474,3838.2314,-2752.52
2020-04-22,3839.3834,3789.1297,1178.06
2020-04-23,3829.7525,3851.9132,691.05
2020-04-24,3796.9721,3826.3116,3249.75
2020-04-27,3822.769,3808.0171,3938.59
2020-04-28,3849.1465,3835.348,1036.69
2020-05-06,3936.2539,3867.2587,1140.35
2020-05-07,3924.8946,3937.5918,-3148.42
2020-05-08,3963.6217,3942.9972,4865.05
2020-05-11,3960.1803,3974.7605,2647.56
2020-05-12,3960.2378,3961.3427,1749.94
2020-05-13,3968.2529,3946.6428,-204.64
2020-05-14,3925.2177,3952.1986,-1324.81
2020-05-15,3912.8159,3941.125,1194.38
2020-05-18,3922.9117,3914.6602,3403.87
2020-05-19,3956.2495,3963.7754,3699.05
2020-05-20,3935.222,3955.7145,2038.56
2020-05-21,3913.7949,3950.5981,2131.03
2020-05-22,3824.064,3907.5761,-3325.51
2020-05-25,3829.3245,3828.3206,2145.31
2020-05-26,3872.7701,3850.0009,3885.48
2020-05-27,3845.6135,3873.6984,1288.47
2020-05-28,3856.6324,3848.4892,2818.29
2020-05-29,3867.0232,3838.3769,5107.17
2020-06-01,3971.3402,3901.7263,10485.64
2020-06-02,3983.5677,3969.9521,1928.68
2020-06-03,3983.6477,4001.1708,4414.2
2020-06-04,3982.1851,3998.1636,2883.47
2020-06-05,4001.2509,3988.2239,4339.46
2020-06-08,4021.9549,4023.606,614.24
2020-06-09,4047.0293,4027.5613,4628.5
2020-06-10,4039.7051,4046.2317,422.41
2020-06-11,3995.8846,4031.7396,145.18
2020-06-12,4003.0829,3931.6236,-895.01
2020-06-15,3954.9883,3982.9672,-4070.18
2020-06-16,4014.5702,3995.5786,3970.39
2020-06-17,4017.5941,4018.6094,-2721.42
2020-06-18,4044.3842,4009.7831,4956.57
2020-06-19,4098.7095,4047.0483,18233.36
2020-06-22,4102.0459,4097.5071,2182.37
2020-06-23,4121.7944,4098.0373,752.48
2020-06-24,4138.9895,4128.1003,1855.82
2020-06-29,4109.7164,4127.9348,-1446.9
2020-06-30,4163.9637,4130.0028,0.0
2020-07-02,4335.8445,4239.408,17115.09
2020-07-03,4419.5955,4353.1937,13193.88
2020-07-06,4670.0949,4465.8081,13652.22
2020-07-07,4698.1264,4739.6104,9843.85
2020-07-08,4774.0042,4692.8621,1153.29
2020-07-09,4840.7712,4770.0769,7951.41
2020-07-10,4753.1333,4796.0873,-4393.12
2020-07-13,4852.9612,4742.3738,6850.35
2020-07-14,4806.6902,4836.1655,-17384.15
2020-07-15,4744.4687,4821.5155,-2705.62
2020-07-16,4516.2532,4741.5295,-6920.36
2020-07-17,4544.7007,4524.7717,1043.42
2020-07-20,4680.3046,4597.2038,-5898.96
2020-07-21,4691.0425,4697.5026,-3011.24
2020-07-22,4714.4454,4682.6575,4170.26
2020-07-23,4712.4357,4668.7401,-3653.61
2020-07-24,4505.5906,4679.0273,-16357.39
2020-07-27,4528.45,4535.0053,-1514.32
2020-07-28,4568.2576,4567.6691,-2232.8
2020-07-29,4679.008,4559.1634,7731.35
2020-07-30,4656.1506,4689.7632,-6338.08
2020-07-31,4695.0462,4652.1824,-1903.16
2020-08-03,4771.3108,4735.8985,-195.28
2020-08-04,4775.8024,4778.4866,2136.65
2020-08-05,4777.1089,4761.7637,-1981.07
2020-08-06,4762.7642,4779.2377,-2547.51
2020-08-07,4707.9262,4742.2939,-1862.27
2020-08-10,4724.8697,4681.7553,7.37
2020-08-11,4681.7837,4730.3748,3948.22
2020-08-12,4647.6446,4668.8899,-1637.74
